name,recip_rank,ndcg_cut_10,recall_20,recall_40,recall_60,recall_80,recall_100
BM25_text,0.5351853157786591,0.32226673621384117,0.17069378262143045,0.20545652168794393,0.2189044576974316,0.23466474765266326,0.2438168235037409
BM25_text+DQ,0.5492340749070797,0.33224946231934543,0.1787011066513325,0.20712901716728213,0.2232983635968068,0.23528743830665091,0.24774693534264783
Dense_text,0.5289025289468661,0.31627046713336526,0.18649208990446142,0.22171429032925777,0.24186890439256917,0.26280284810515225,0.2816448228327214
Dense_text+DQ,0.5109742482610439,0.3069894554171806,0.1744498123878017,0.21241467574732742,0.2396573332502987,0.2599396750087534,0.27531715117353356
