{
  "model_name": "meta-llama/Llama-3.1-8B-Instruct",
  "max_model_len": 8192,
  "max_tokens_output": 512,
  "sample_size": 1000,
  "document_analysis": {
    "doc_tokens": {
      "count": 1000,
      "min": 16,
      "max": 2253,
      "mean": 318.665,
      "median": 313.0,
      "std": 143.78072078923054,
      "percentiles": {
        "25th": 237.0,
        "75th": 382.0,
        "90th": 464.8,
        "95th": 519.0,
        "99th": 718.81
      }
    },
    "user_prompt_tokens": {
      "count": 1000,
      "min": 70,
      "max": 2306,
      "mean": 371.546,
      "median": 366.0,
      "std": 143.8126140223866,
      "percentiles": {
        "25th": 289.25,
        "75th": 435.0,
        "90th": 517.9,
        "95th": 572.0,
        "99th": 772.8
      }
    }
  },
  "example_analysis": {
    "count": 8,
    "min": 189,
    "max": 452,
    "mean": 309.625,
    "median": 307.5,
    "std": 85.14850472640643,
    "percentiles": {
      "25th": 235.25,
      "75th": 374.5,
      "90th": 452,
      "95th": 452,
      "99th": 452
    }
  },
  "system_prompt_analysis": {
    "d2q_basic": 137,
    "d2q_with_topic": 234,
    "promptagator_base": 28,
    "promptagator_with_1_examples": 412,
    "promptagator_with_2_examples": 727,
    "promptagator_with_3_examples": 1025,
    "promptagator_with_4_examples": 1293,
    "promptagator_with_5_examples": 1516
  }
}