name,recip_rank,ndcg_cut_10,recall_20,recall_40,recall_60,recall_80,recall_100
BM25_text,0.48607187210968167,0.2888246071241127,0.356699999999999,0.4238999999999989,0.46689999999999954,0.4945833333333331,0.5106833333333335
BM25_text+DQ,0.48405796952324276,0.28684625834117305,0.35418333333333246,0.42149999999999893,0.46189999999999937,0.49124999999999985,0.5133333333333336
Dense_text,0.48674501301226736,0.2924830798440322,0.3581833333333326,0.42543333333333233,0.46373333333333305,0.4877833333333332,0.5091666666666668
Dense_text+DQ,0.481868780742224,0.28745735849103676,0.35366666666666574,0.422683333333332,0.46698333333333253,0.49638333333333334,0.5182166666666668
